<?xml version='1.0' encoding='UTF-8'?>
<players>
        <player>
        <first-name>L</first-name>
        <last-name>Smallbone</last-name>
        <email>lsmallbone0@hubpages.com</email>
        <birth-date>21/02/1979</birth-date>
        <position>ATT</position>
        <town>
            <name>Kazan</name>
        </town>
        <team>
            <name>McGlynn</name>
        </team>
        <stat>
            <id>53</id>
        </stat>
    </player>
    <player>
        <first-name>Talbert</first-name>
        <last-name>Doherty</last-name>
        <email>tdoherty1@toplist.cz</email>
        <birth-date>05/09/1984</birth-date>
        <position>DEF</position>
        <town>
            <name>San Diego</name>
        </town>
        <team>
            <name>Johnson Group</name>
        </team>
        <stat>
            <id>86</id>
        </stat>
    </player>
    <player>
        <first-name>Regina</first-name>
        <last-name>B</last-name>
        <email>rbyers2@weebly.com</email>
        <birth-date>22/06/1999</birth-date>
        <position>ATT</position>
        <town>
            <name>Paris Minsk</name>
        </town>
        <team>
            <name>Conroy</name>
        </team>
        <stat>
            <id>17</id>
        </stat>
    </player>
    <player>
        <first-name>Adair</first-name>
        <last-name>Dewicke</last-name>
        <email>adewicke3@mail.ru</email>
        <birth-date>11/11/1995</birth-date>
        <position>MID</position>
        <town>
            <name>Philadelphia</name>
        </town>
        <team>
            <name>United D</name>
        </team>
        <stat>
            <id>4</id>
        </stat>
    </player>
    <player>
        <first-name>Herman</first-name>
        <last-name>Adelberg</last-name>
        <email>invalidemail</email>
        <birth-date>29/06/2004</birth-date>
        <position>MID</position>
        <town>
            <name>Cologne</name>
        </town>
        <team>
            <name>Rodriguez</name>
        </team>
        <stat>
            <id>10</id>
        </stat>
    </player>
    <player>
        <first-name>Fritz</first-name>
        <last-name>Hagergham</last-name>
        <email>fhagergham5@freewebs.com</email>
        <birth-date>08/09/2005</birth-date>
        <position>DEF</position>
        <town>
            <name>Los Angeles</name>
        </town>
        <team>
            <name>Schuster</name>
        </team>
        <stat>
            <id>56</id>
        </stat>
    </player>
    <player>
        <first-name>Fern</first-name>
        <last-name>Woolland</last-name>
        <email>fwoolland6@fda.gov</email>
        <birth-date>24/08/2004</birth-date>
        <position>MID</position>
        <town>
            <name>Warsaw</name>
        </town>
        <team>
            <name>Doyle</name>
        </team>
        <stat>
            <id>61</id>
        </stat>
    </player>
    <player>
        <first-name>Tremayne</first-name>
        <last-name>Aldin</last-name>
        <email>taldin7@pinterest.com</email>
        <birth-date>17/11/1993</birth-date>
        <position>DEF</position>
        <town>
            <name>Dallas</name>
        </town>
        <team>
            <name>Schuster</name>
        </team>
        <stat>
            <id>7</id>
        </stat>
    </player>
    <player>
        <first-name>Marti</first-name>
        <last-name>Wetherburn</last-name>
        <email>mwetherburn8@geocities.jp</email>
        <birth-date>23/10/1992</birth-date>
        <position>ATT</position>
        <town>
            <name>Milan</name>
        </town>
        <team>
            <name>Johnson Group</name>
        </team>
        <stat>
            <id>32</id>
        </stat>
    </player>
    <player>
        <first-name>Bendick</first-name>
        <last-name>Sketch</last-name>
        <email>bsketch9@hao123.com</email>
        <birth-date>18/12/1987</birth-date>
        <position>DEF</position>
        <town>
            <name>Tbilisi</name>
        </town>
        <team>
            <name>Medhurst</name>
        </team>
        <stat>
            <id>75</id>
        </stat>
    </player>
    <player>
        <first-name>Mordy</first-name>
        <last-name>Bolino</last-name>
        <email>mbolinoa@mozilla.com</email>
        <birth-date>03/01/1995</birth-date>
        <position>DEF</position>
        <town>
            <name>Philadelphia</name>
        </town>
        <team>
            <name>Wintheiser</name>
        </team>
        <stat>
            <id>81</id>
        </stat>
    </player>
    <player>
        <first-name>Amandie</first-name>
        <last-name>Peltz</last-name>
        <email>apeltzb@seesaa.net</email>
        <birth-date>08/04/1983</birth-date>
        <position>ATT</position>
        <town>
            <name>Madrid</name>
        </town>
        <team>
            <name>McGlynn</name>
        </team>
        <stat>
            <id>1</id>
        </stat>
    </player>
    <player>
        <first-name>Winifred</first-name>
        <last-name>Boniface</last-name>
        <email>wbonifacec@senate.gov</email>
        <birth-date>12/04/1987</birth-date>
        <position>DEF</position>
        <town>
            <name>Tbilisi</name>
        </town>
        <team>
            <name>Steuber</name>
        </team>
        <stat>
            <id>5</id>
        </stat>
    </player>
    <player>
        <first-name>Conni</first-name>
        <last-name>Ions</last-name>
        <email>cionsd@trellian.com</email>
        <birth-date>08/11/1992</birth-date>
        <position>DEF</position>
        <town>
            <name>Cologne</name>
        </town>
        <team>
            <name>United D</name>
        </team>
        <stat>
            <id>18</id>
        </stat>
    </player>
    <player>
        <first-name>Fiona</first-name>
        <last-name>Abbatini</last-name>
        <email>fabbatinie@accuweather.com</email>
        <birth-date>27/03/1998</birth-date>
        <position>DEF</position>
        <town>
            <name>Vienna</name>
        </town>
        <team>
            <name>Bogisich</name>
        </team>
        <stat>
            <id>77</id>
        </stat>
    </player>
    <player>
        <first-name>D</first-name>
        <last-name>Davydychev</last-name>
        <email>ddavydychevf@elpais.com</email>
        <birth-date>11/01/2003</birth-date>
        <position>MID</position>
        <town>
            <name>Barcelona</name>
        </town>
        <team>
            <name>Johnson Group</name>
        </team>
        <stat>
            <id>81</id>
        </stat>
    </player>
    <player>
        <first-name>Petr</first-name>
        <last-name>Ginni</last-name>
        <email>pginnig@independent.co.uk</email>
        <birth-date>08/11/1995</birth-date>
        <position>ATT</position>
        <town>
            <name>Chicago</name>
        </town>
        <team>
            <name>Johnson Group</name>
        </team>
        <stat>
            <id>69</id>
        </stat>
    </player>
    <player>
        <first-name>Corty</first-name>
        <last-name>Iskowicz</last-name>
        <email>ciskowiczh@springer.com</email>
        <birth-date>08/02/1992</birth-date>
        <position>MID</position>
        <town>
            <name>Belgrade</name>
        </town>
        <team>
            <name>Bogisich</name>
        </team>
        <stat>
            <id>29</id>
        </stat>
    </player>
    <player>
        <first-name>Sidney</first-name>
        <last-name>Olivi</last-name>
        <email>solivii@google.com.au</email>
        <birth-date>06/03/1975</birth-date>
        <position>ATT</position>
        <town>
            <name>Rome</name>
        </town>
        <team>
            <name>United D</name>
        </team>
        <stat>
            <id>44</id>
        </stat>
    </player>
    <player>
        <first-name>Marius</first-name>
        <last-name>Heminsley</last-name>
        <email>mheminsleyj@vistaprint.com</email>
        <birth-date>02/03/1980</birth-date>
        <position>DEF</position>
        <town>
            <name>Birmingham</name>
        </town>
        <team>
            <name>Parisian</name>
        </team>
        <stat>
            <id>15</id>
        </stat>
    </player>
    <player>
        <first-name>Bettina</first-name>
        <last-name>W</last-name>
        <email>bwhitlockk@stanford.edu</email>
        <birth-date>04/04/1977</birth-date>
        <position>ATT</position>
        <town>
            <name>San Antonio</name>
        </town>
        <team>
            <name>Bartoletti</name>
        </team>
        <stat>
            <id>65</id>
        </stat>
    </player>
    <player>
        <first-name>Fernandina</first-name>
        <last-name>Skirving</last-name>
        <email>fskirvingl@lycos.com</email>
        <birth-date>01/07/1994</birth-date>
        <position>ATT</position>
        <town>
            <name>San Antonio</name>
        </town>
        <team>
            <name>United D</name>
        </team>
        <stat>
            <id>17</id>
        </stat>
    </player>
    <player>
        <first-name>Ingunna</first-name>
        <last-name>Dalliston</last-name>
        <email>idallistonm@goo.ne.jp</email>
        <birth-date>15/12/1989</birth-date>
        <position>DEF</position>
        <town>
            <name>Rome</name>
        </town>
        <team>
            <name>Aufderhar</name>
        </team>
        <stat>
            <id>97</id>
        </stat>
    </player>
    <player>
        <first-name>Shauna</first-name>
        <last-name>Szymanowski</last-name>
        <email>sszymanowskin</email>
        <birth-date>16/11/1990</birth-date>
        <position>DEF</position>
        <town>
            <name>Brussels</name>
        </town>
        <team>
            <name>Doyle</name>
        </team>
        <stat>
            <id>51</id>
        </stat>
    </player>
    <player>
        <first-name>Miles</first-name>
        <last-name>Jupp</last-name>
        <email>mjuppo@drupal.org</email>
        <birth-date>01/04/1998</birth-date>
        <position>DEF</position>
        <town>
            <name>San Jose</name>
        </town>
        <team>
            <name>Homenick</name>
        </team>
        <stat>
            <id>26</id>
        </stat>
    </player>
    <player>
        <first-name>Glori</first-name>
        <last-name>Valentino</last-name>
        <email>gvalentinop@ted.com</email>
        <birth-date>20/02/1978</birth-date>
        <position>ATT</position>
        <town>
            <name>Rome</name>
        </town>
        <team>
            <name>Kreiger</name>
        </team>
        <stat>
            <id>59</id>
        </stat>
    </player>
    <player>
        <first-name>Rois</first-name>
        <last-name>Churchouse</last-name>
        <email>rchurchouseq@spotify.com</email>
        <birth-date>11/02/1997</birth-date>
        <position>MID</position>
        <town>
            <name>Los Angeles</name>
        </town>
        <team>
            <name>Prosacco</name>
        </team>
        <stat>
            <id>54</id>
        </stat>
    </player>
    <player>
        <first-name>Eric</first-name>
        <last-name>McGeagh</last-name>
        <email>emcgeaghr@ebay.co.uk</email>
        <birth-date>15/08/1993</birth-date>
        <position>MID</position>
        <town>
            <name>Los Angeles</name>
        </town>
        <team>
            <name>Aufderhar</name>
        </team>
        <stat>
            <id>89</id>
        </stat>
    </player>
    <player>
        <first-name>Kirk</first-name>
        <last-name>Rupp</last-name>
        <email>krupps@imageshack.us</email>
        <birth-date>11/06/2001</birth-date>
        <position>ATT</position>
        <town>
            <name>Los Angeles</name>
        </town>
        <team>
            <name>Aufderhar</name>
        </team>
        <stat>
            <id>63</id>
        </stat>
    </player>
    <player>
        <first-name>Wilhelm</first-name>
        <last-name>Haggish</last-name>
        <email>whaggisht@hud.gov</email>
        <birth-date>04/05/1990</birth-date>
        <position>MID</position>
        <town>
            <name>Dallas</name>
        </town>
        <team>
            <name>Rowe</name>
        </team>
        <stat>
            <id>36</id>
        </stat>
    </player>
    <player>
        <first-name>Kendricks</first-name>
        <last-name>Cappineer</last-name>
        <email>kcappineeru@wikipedia.org</email>
        <birth-date>12/04/1987</birth-date>
        <position>MID</position>
        <town>
            <name>Moscow</name>
        </town>
        <team>
            <name>Leannon</name>
        </team>
        <stat>
            <id>101</id>
        </stat>
    </player>
    <player>
        <first-name>Candace</first-name>
        <last-name>Rapelli</last-name>
        <email>crapelliv@lycos.com</email>
        <birth-date>22/02/1984</birth-date>
        <position>ATT</position>
        <town>
            <name>Barcelona</name>
        </town>
        <team>
            <name>Homenick</name>
        </team>
        <stat>
            <id>13</id>
        </stat>
    </player>
    <player>
        <first-name>Iosep</first-name>
        <last-name>Linnit</last-name>
        <email>ilinnitw@cocolog-nifty.com</email>
        <birth-date>12/04/1981</birth-date>
        <position>DEF</position>
        <town>
            <name>Rome</name>
        </town>
        <team>
            <name>Metz</name>
        </team>
        <stat>
            <id>91</id>
        </stat>
    </player>
    <player>
        <first-name>Karyn</first-name>
        <last-name>Presidey</last-name>
        <email>kpresideyx@ucsd.edu</email>
        <birth-date>11/02/1978</birth-date>
        <position>ATT</position>
        <town>
            <name>Samara</name>
        </town>
        <team>
            <name>Wintheiser</name>
        </team>
        <stat>
            <id>87</id>
        </stat>
    </player>
    <player>
        <first-name>Lorettalorna</first-name>
        <last-name>Le Noir</last-name>
        <email>llenoiry@godaddy.com</email>
        <birth-date>01/09/1998</birth-date>
        <position>ATT</position>
        <town>
            <name>Birmingham</name>
        </town>
        <team>
            <name>Ward</name>
        </team>
        <stat>
            <id>16</id>
        </stat>
    </player>
    <player>
        <first-name>Skipper</first-name>
        <last-name>Thurlborn</last-name>
        <email>sthurlbornz@sphinn.com</email>
        <birth-date>03/05/1977</birth-date>
        <position>ATT</position>
        <town>
            <name>Philadelphia</name>
        </town>
        <team>
            <name>Schuster</name>
        </team>
        <stat>
            <id>25</id>
        </stat>
    </player>
    <player>
        <first-name>Rex</first-name>
        <last-name>Ells</last-name>
        <email>rells10@live.com</email>
        <birth-date>02/04/1987</birth-date>
        <position>MID</position>
        <town>
            <name>Cologne</name>
        </town>
        <team>
            <name>Rowe</name>
        </team>
        <stat>
            <id>74</id>
        </stat>
    </player>
    <player>
        <first-name>Onfroi</first-name>
        <last-name>Adanet</last-name>
        <email>oadanet11@freewebs.com</email>
        <birth-date>27/09/1979</birth-date>
        <position>ATT</position>
        <town>
            <name>Cologne</name>
        </town>
        <team>
            <name>Ortiz</name>
        </team>
        <stat>
            <id>12</id>
        </stat>
    </player>
    <player>
        <first-name>Raeann</first-name>
        <last-name>Barthelmes</last-name>
        <email>rbarthelmes12@spiegel.de</email>
        <birth-date>07/02/1979</birth-date>
        <position>DEF</position>
        <town>
            <name>Rome</name>
        </town>
        <team>
            <name>Ward</name>
        </team>
        <stat>
            <id>35</id>
        </stat>
    </player>
    <player>
        <first-name>Roslyn</first-name>
        <last-name>Cereceres</last-name>
        <email>rcereceres13@posterous.com</email>
        <birth-date>04/01/2005</birth-date>
        <position>ATT</position>
        <town>
            <name>Birmingham</name>
        </town>
        <team>
            <name>Rodriguez</name>
        </team>
        <stat>
            <id>52</id>
        </stat>
    </player>
    <player>
        <first-name>Bradford</first-name>
        <last-name>Hearnshaw</last-name>
        <email>bhearnshaw14@weibo.com</email>
        <birth-date>05/10/2002</birth-date>
        <position>ATT</position>
        <town>
            <name>Madrid</name>
        </town>
        <team>
            <name>Parisian</name>
        </team>
        <stat>
            <id>100</id>
        </stat>
    </player>
    <player>
        <first-name>Kirsten</first-name>
        <last-name>Duthy</last-name>
        <email>kduthy15@pagesperso-orange.fr</email>
        <birth-date>04/04/1990</birth-date>
        <position>MID</position>
        <town>
            <name>Kyiv</name>
        </town>
        <team>
            <name>Bayer</name>
        </team>
        <stat>
            <id>11</id>
        </stat>
    </player>
    <player>
        <first-name>Tedie</first-name>
        <last-name>Netti</last-name>
        <email>tnetti16@vimeo.com</email>
        <birth-date>20/06/1990</birth-date>
        <position>ATT</position>
        <town>
            <name>Warsaw</name>
        </town>
        <team>
            <name>Hagenes</name>
        </team>
        <stat>
            <id>42</id>
        </stat>
    </player>
    <player>
        <first-name>Ahmed</first-name>
        <last-name>Tooker</last-name>
        <email>atooker17@sbwire.com</email>
        <birth-date>07/05/2004</birth-date>
        <position>ATT</position>
        <town>
            <name>Paris</name>
        </town>
        <team>
            <name>United D</name>
        </team>
        <stat>
            <id>57</id>
        </stat>
    </player>
    <player>
        <first-name>Ev</first-name>
        <last-name>Kellogg</last-name>
        <email>ekellogg18@ibm.com</email>
        <birth-date>08/05/1982</birth-date>
        <position>DEF</position>
        <town>
            <name>Belgrade</name>
        </town>
        <team>
            <name>Schuster</name>
        </team>
        <stat>
            <id>58</id>
        </stat>
    </player>
    <player>
        <first-name>Georg</first-name>
        <last-name>Gwinnell</last-name>
        <email>ggwinnell19</email>
        <birth-date>15/06/1987</birth-date>
        <position>ATT</position>
        <town>
            <name>Tbilisi</name>
        </town>
        <team>
            <name>Herzog</name>
        </team>
        <stat>
            <id>32</id>
        </stat>
    </player>
    <player>
        <first-name>Cosme</first-name>
        <last-name>Halliberton</last-name>
        <email>challiberton1a@forbes.com</email>
        <birth-date>29/03/1987</birth-date>
        <position>MID</position>
        <town>
            <name>Dallas</name>
        </town>
        <team>
            <name>Bayer</name>
        </team>
        <stat>
            <id>28</id>
        </stat>
    </player>
    <player>
        <first-name>Janie</first-name>
        <last-name>Balogh</last-name>
        <email>jbalogh1b@photobucket.com</email>
        <birth-date>24/04/1982</birth-date>
        <position>ATT</position>
        <town>
            <name>San Jose</name>
        </town>
        <team>
            <name>Johnson Group</name>
        </team>
        <stat>
            <id>20</id>
        </stat>
    </player>
    <player>
        <first-name>Denny</first-name>
        <last-name>de Almeida</last-name>
        <email>ddealmeida1c@smh.com.au</email>
        <birth-date>08/03/1986</birth-date>
        <position>MID</position>
        <town>
            <name>San Antonio</name>
        </town>
        <team>
            <name>Ratke</name>
        </team>
        <stat>
            <id>48</id>
        </stat>
    </player>
    <player>
        <first-name>Basilio</first-name>
        <last-name>Coll</last-name>
        <email>bcoll1d@google.cn</email>
        <birth-date>19/05/1991</birth-date>
        <position>DEF</position>
        <town>
            <name>Samara</name>
        </town>
        <team>
            <name>Ledner</name>
        </team>
        <stat>
            <id>53</id>
        </stat>
    </player>
    <player>
        <first-name>Cristina</first-name>
        <last-name>Linsay</last-name>
        <email>clinsay1e@tamu.edu</email>
        <birth-date>09/03/1988</birth-date>
        <position>DEF</position>
        <town>
            <name>Hamburg</name>
        </town>
        <team>
            <name>Herzog</name>
        </team>
        <stat>
            <id>21</id>
        </stat>
    </player>
    <player>
        <first-name>Timmie</first-name>
        <last-name>Corinton</last-name>
        <email>tcorinton1f@usnews.com</email>
        <birth-date>09/05/1992</birth-date>
        <position>MID</position>
        <town>
            <name>Warsaw</name>
        </town>
        <team>
            <name>Aufderhar</name>
        </team>
        <stat>
            <id>41</id>
        </stat>
    </player>
    <player>
        <first-name>Meg</first-name>
        <last-name>Skocroft</last-name>
        <email>mskocroft1g@aol.com</email>
        <birth-date>03/03/1977</birth-date>
        <position>DEF</position>
        <town>
            <name>Kazan</name>
        </town>
        <team>
            <name>Davis and Sons</name>
        </team>
        <stat>
            <id>19</id>
        </stat>
    </player>
    <player>
        <first-name>O</first-name>
        <last-name>Coffin</last-name>
        <email>ocoffin1h@github.com</email>
        <birth-date>11/08/1997</birth-date>
        <position>ATT</position>
        <town>
            <name>Brussels</name>
        </town>
        <team>
            <name>Lesch</name>
        </team>
        <stat>
            <id>26</id>
        </stat>
    </player>
    <player>
        <first-name>Nancie</first-name>
        <last-name>Pedler</last-name>
        <email>npedler1i@fc2.com</email>
        <birth-date>02/08/1989</birth-date>
        <position>DEF</position>
        <town>
            <name>Chicago</name>
        </town>
        <team>
            <name>Metz</name>
        </team>
        <stat>
            <id>47</id>
        </stat>
    </player>
    <player>
        <first-name>Darryl</first-name>
        <last-name>Maughan</last-name>
        <email>dmaughan1j@bluehost.com</email>
        <birth-date>11/08/1979</birth-date>
        <position>ATT</position>
        <town>
            <name>Prague</name>
        </town>
        <team>
            <name>Ledner</name>
        </team>
        <stat>
            <id>88</id>
        </stat>
    </player>
    <player>
        <first-name>Alejandra</first-name>
        <last-name>Sealove</last-name>
        <email>asealove1k@wikimedia.org</email>
        <birth-date>10/07/1975</birth-date>
        <position>MID</position>
        <town>
            <name>San Diego</name>
        </town>
        <team>
            <name>Aufderhar</name>
        </team>
        <stat>
            <id>38</id>
        </stat>
    </player>
    <player>
        <first-name>Irene</first-name>
        <last-name>Petersen</last-name>
        <email>ipetersen1l@list-manage.com</email>
        <birth-date>28/03/1977</birth-date>
        <position>MID</position>
        <town>
            <name>New York</name>
        </town>
        <team>
            <name>Leannon</name>
        </team>
        <stat>
            <id>23</id>
        </stat>
    </player>
    <player>
        <first-name>Branden</first-name>
        <last-name>Saldler</last-name>
        <email>bsaldler1m@reference.com</email>
        <birth-date>06/09/1999</birth-date>
        <position>MID</position>
        <town>
            <name>Perm</name>
        </town>
        <team>
            <name>Conroy</name>
        </team>
        <stat>
            <id>73</id>
        </stat>
    </player>
    <player>
        <first-name>Charmine</first-name>
        <last-name>Dorian</last-name>
        <email>cdorian1n@seattletimes.com</email>
        <birth-date>07/09/1996</birth-date>
        <position>ATT</position>
        <town>
            <name>Volgograd</name>
        </town>
        <team>
            <name>Ledner</name>
        </team>
        <stat>
            <id>49</id>
        </stat>
    </player>
    <player>
        <first-name>Solomon</first-name>
        <last-name>Lorraway</last-name>
        <email>slorraway1o@phoca.cz</email>
        <birth-date>03/06/1975</birth-date>
        <position>DEF</position>
        <town>
            <name>Los Angeles</name>
        </town>
        <team>
            <name>Lang</name>
        </team>
        <stat>
            <id>60</id>
        </stat>
    </player>
    <player>
        <first-name>Abba</first-name>
        <last-name>Greir</last-name>
        <email>agreir1p@yahoo.com</email>
        <birth-date>03/12/1977</birth-date>
        <position>MID</position>
        <town>
            <name>San Diego</name>
        </town>
        <team>
            <name>Schuster</name>
        </team>
        <stat>
            <id>9</id>
        </stat>
    </player>
    <player>
        <first-name>Hartley</first-name>
        <last-name>Knock</last-name>
        <email>hknock1q</email>
        <birth-date>09/07/1978</birth-date>
        <position>DEF</position>
        <town>
            <name>Kyiv</name>
        </town>
        <team>
            <name>Ledner</name>
        </team>
        <stat>
            <id>50</id>
        </stat>
    </player>
    <player>
        <first-name>Lainey</first-name>
        <last-name>Housen</last-name>
        <email>lhousen1r@kickstarter.com</email>
        <birth-date>06/05/1995</birth-date>
        <position>ATT</position>
        <town>
            <name>London</name>
        </town>
        <team>
            <name>Conroy</name>
        </team>
        <stat>
            <id>43</id>
        </stat>
    </player>
    <player>
        <first-name>Ab</first-name>
        <last-name>Thynn</last-name>
        <email>athynn1s@vistaprint.com</email>
        <birth-date>21/01/2003</birth-date>
        <position>DEF</position>
        <town>
            <name>Los Angeles</name>
        </town>
        <team>
            <name>Cummerata</name>
        </team>
        <stat>
            <id>34</id>
        </stat>
    </player>
    <player>
        <first-name>Mallorie</first-name>
        <last-name>Moxson</last-name>
        <email>mmoxson1t@addthis.com</email>
        <birth-date>09/04/1986</birth-date>
        <position>ATT</position>
        <town>
            <name>Volgograd</name>
        </town>
        <team>
            <name>Johnson Group</name>
        </team>
        <stat>
            <id>8</id>
        </stat>
    </player>
    <player>
        <first-name>Vinson</first-name>
        <last-name>Lydiard</last-name>
        <email>vlydiard1u@google.it</email>
        <birth-date>11/08/1998</birth-date>
        <position>ATT</position>
        <town>
            <name>Rome</name>
        </town>
        <team>
            <name>Prosacco</name>
        </team>
        <stat>
            <id>96</id>
        </stat>
    </player>
    <player>
        <first-name>Sheffy</first-name>
        <last-name>Aloigi</last-name>
        <email>saloigi1v@jimdo.com</email>
        <birth-date>03/06/2002</birth-date>
        <position>ATT</position>
        <town>
            <name>San Diego</name>
        </town>
        <team>
            <name>Bayer</name>
        </team>
        <stat>
            <id>2</id>
        </stat>
    </player>
    <player>
        <first-name>Effie</first-name>
        <last-name>Kubista</last-name>
        <email>ekubista1w@elpais.com</email>
        <birth-date>08/02/1993</birth-date>
        <position>ATT</position>
        <town>
            <name>Dallas</name>
        </town>
        <team>
            <name>Lesch</name>
        </team>
        <stat>
            <id>6</id>
        </stat>
    </player>
    <player>
        <first-name>Wylie</first-name>
        <last-name>Lait</last-name>
        <email>wlait1x@wiley.com</email>
        <birth-date>03/11/2005</birth-date>
        <position>MID</position>
        <town>
            <name>Belgrade</name>
        </town>
        <team>
            <name>Lesch</name>
        </team>
        <stat>
            <id>84</id>
        </stat>
    </player>
    <player>
        <first-name>Moe</first-name>
        <last-name>Gartshore</last-name>
        <email>mgartshore1y@weather.com</email>
        <birth-date>05/05/1989</birth-date>
        <position>MID</position>
        <town>
            <name>Houston</name>
        </town>
        <team>
            <name>Rowe</name>
        </team>
        <stat>
            <id>39</id>
        </stat>
    </player>
    <player>
        <first-name>Chickie</first-name>
        <last-name>Audas</last-name>
        <email>caudas1z@usda.gov</email>
        <birth-date>04/04/2005</birth-date>
        <position>MID</position>
        <town>
            <name>Tbilisi</name>
        </town>
        <team>
            <name>Metz</name>
        </team>
        <stat>
            <id>37</id>
        </stat>
    </player>
    <player>
        <first-name>Fran</first-name>
        <last-name>Keyzor</last-name>
        <email>fkeyzor20@hud.gov</email>
        <birth-date>09/05/1980</birth-date>
        <position>DEF</position>
        <town>
            <name>San Antonio</name>
        </town>
        <team>
            <name>Parisian</name>
        </team>
        <stat>
            <id>3</id>
        </stat>
    </player>
    <player>
        <first-name>Alida</first-name>
        <last-name>Matuska</last-name>
        <email>amatuska21@cbc.ca</email>
        <birth-date>15/03/2000</birth-date>
        <position>DEF</position>
        <town>
            <name>Vienna</name>
        </town>
        <team>
            <name>Ward</name>
        </team>
        <stat>
            <id>45</id>
        </stat>
    </player>
    <player>
        <first-name>Edgar</first-name>
        <last-name>Hacksby</last-name>
        <email>ehacksby22@bizjournals.com</email>
        <birth-date>12/09/1996</birth-date>
        <position>MID</position>
        <town>
            <name>Odessa</name>
        </town>
        <team>
            <name>Hudson</name>
        </team>
        <stat>
            <id>51</id>
        </stat>
    </player>
    <player>
        <first-name>Saree</first-name>
        <last-name>Arnald</last-name>
        <email>sarnald23@etsy.com</email>
        <birth-date>09/07/1995</birth-date>
        <position>MID</position>
        <town>
            <name>Tbilisi</name>
        </town>
        <team>
            <name>United D</name>
        </team>
        <stat>
            <id>70</id>
        </stat>
    </player>
    <player>
        <first-name>Vidovik</first-name>
        <last-name>Povall</last-name>
        <email>vpovall24@barnesandnoble.com</email>
        <birth-date>08/03/1986</birth-date>
        <position>MID</position>
        <town>
            <name>Prague</name>
        </town>
        <team>
            <name>Conroy</name>
        </team>
        <stat>
            <id>14</id>
        </stat>
    </player>
    <player>
        <first-name>Janenna</first-name>
        <last-name>Officer</last-name>
        <email>jofficer25@oakley.com</email>
        <birth-date>02/06/1977</birth-date>
        <position>MID</position>
        <town>
            <name>Kazan</name>
        </town>
        <team>
            <name>Parisian</name>
        </team>
        <stat>
            <id>31</id>
        </stat>
    </player>
    <player>
        <first-name>E</first-name>
        <last-name>Hubbard</last-name>
        <email>ehubbard26@uiuc.edu</email>
        <birth-date>01/01/1984</birth-date>
        <position>DEF</position>
        <town>
            <name>Rome</name>
        </town>
        <team>
            <name>Doyle</name>
        </team>
        <stat>
            <id>92</id>
        </stat>
    </player>
    <player>
        <first-name>Trumaine</first-name>
        <last-name>Brea</last-name>
        <email>tbrea27@psu.edu</email>
        <birth-date>08/11/1998</birth-date>
        <position>DEF</position>
        <town>
            <name>Madrid</name>
        </town>
        <team>
            <name>Hagenes</name>
        </team>
        <stat>
            <id>95</id>
        </stat>
    </player>
    <player>
        <first-name>Charleen</first-name>
        <last-name>Tibald</last-name>
        <email>ctibald28@surveymonkey.com</email>
        <birth-date>12/05/1982</birth-date>
        <position>DEF</position>
        <town>
            <name>Hamburg</name>
        </town>
        <team>
            <name>Schuster</name>
        </team>
        <stat>
            <id>66</id>
        </stat>
    </player>
    <player>
        <first-name>Genia</first-name>
        <last-name>Gaitley</last-name>
        <email>ggaitley29@nymag.com</email>
        <birth-date>26/03/2005</birth-date>
        <position>ATT</position>
        <town>
            <name>Dallas</name>
        </town>
        <team>
            <name>Conroy</name>
        </team>
        <stat>
            <id>67</id>
        </stat>
    </player>
    <player>
        <first-name>Marshal</first-name>
        <last-name>Crich</last-name>
        <email>mcrich2a@mayoclinic.com</email>
        <birth-date>06/08/2002</birth-date>
        <position>DEF</position>
        <town>
            <name>Kazan</name>
        </town>
        <team>
            <name>Nikolaus</name>
        </team>
        <stat>
            <id>27</id>
        </stat>
    </player>
    <player>
        <first-name>Enos</first-name>
        <last-name>Stainson</last-name>
        <email>estainson2b@angelfire.com</email>
        <birth-date>11/05/1994</birth-date>
        <position>DEF</position>
        <town>
            <name>Hamburg</name>
        </town>
        <team>
            <name>Bogisich</name>
        </team>
        <stat>
            <id>22</id>
        </stat>
    </player>
    <player>
        <first-name>Stefa</first-name>
        <last-name>Casaletto</last-name>
        <email>scasaletto2c@ihg.com</email>
        <birth-date>02/05/2000</birth-date>
        <position>MID</position>
        <town>
            <name>Los Angeles</name>
        </town>
        <team>
            <name>Torp</name>
        </team>
        <stat>
            <id>24</id>
        </stat>
    </player>
    <player>
        <first-name>Jori</first-name>
        <last-name>Morland</last-name>
        <email>jmorland2d@oaic.gov.au</email>
        <birth-date>10/02/2002</birth-date>
        <position>DEF</position>
        <town>
            <name>Belgrade</name>
        </town>
        <team>
            <name>Kreiger</name>
        </team>
        <stat>
            <id>10</id>
        </stat>
    </player>
    <player>
        <first-name>Theodora</first-name>
        <last-name>Geroldo</last-name>
        <email>tgeroldo2e@aboutads.info</email>
        <birth-date>04/11/2005</birth-date>
        <position>MID</position>
        <town>
            <name>Rome</name>
        </town>
        <team>
            <name>Davis and Sons</name>
        </team>
        <stat>
            <id>33</id>
        </stat>
    </player>
    <player>
        <first-name>Ev</first-name>
        <last-name>Finders</last-name>
        <email>efinders2f@xing.com</email>
        <birth-date>04/09/2002</birth-date>
        <position>DEF</position>
        <town>
            <name>Samara</name>
        </town>
        <team>
            <name>Leannon</name>
        </team>
        <stat>
            <id>50</id>
        </stat>
    </player>
    <player>
        <first-name>Danica</first-name>
        <last-name>Parfett</last-name>
        <email>dparfett2g@fc2.com</email>
        <birth-date>10/10/1991</birth-date>
        <position>DEF</position>
        <town>
            <name>Philadelphia</name>
        </town>
        <team>
            <name>Wintheiser</name>
        </team>
        <stat>
            <id>30</id>
        </stat>
    </player>
    <player>
        <first-name>Parker</first-name>
        <last-name>Huntingdon</last-name>
        <email>phuntingdon2h@apache.org</email>
        <birth-date>05/04/1983</birth-date>
        <position>DEF</position>
        <town>
            <name>Rome</name>
        </town>
        <team>
            <name>Herzog</name>
        </team>
        <stat>
            <id>62</id>
        </stat>
    </player>
    <player>
        <first-name>Roderigo</first-name>
        <last-name>G</last-name>
        <email>rgrigorini2i@tripadvisor.com</email>
        <birth-date>04/05/1996</birth-date>
        <position>DEF</position>
        <town>
            <name>Los Angeles</name>
        </town>
        <team>
            <name>Wintheiser</name>
        </team>
        <stat>
            <id>87</id>
        </stat>
    </player>
    <player>
        <first-name>Guendolen</first-name>
        <last-name>Kellard</last-name>
        <email>gkellard2j@globo.com</email>
        <birth-date>12/09/1996</birth-date>
        <position>ATT</position>
        <town>
            <name>Los Angeles</name>
        </town>
        <team>
            <name>Rodriguez</name>
        </team>
        <stat>
            <id>55</id>
        </stat>
    </player>
    <player>
        <first-name>Garwood</first-name>
        <last-name>Jakeman</last-name>
        <email>gjakeman2k@taobao.com</email>
        <birth-date>01/06/1996</birth-date>
        <position>DEF</position>
        <town>
            <name>Kyiv</name>
        </town>
        <team>
            <name>Hagenes</name>
        </team>
        <stat>
            <id>46</id>
        </stat>
    </player>
    <player>
        <first-name>Annmarie</first-name>
        <last-name>Reeve</last-name>
        <email>areeve2l@zdnet.com</email>
        <birth-date>07/02/1988</birth-date>
        <position>MID</position>
        <town>
            <name>Kazan</name>
        </town>
        <team>
            <name>Medhurst</name>
        </team>
        <stat>
            <id>40</id>
        </stat>
    </player>
    <player>
        <first-name>Liana</first-name>
        <last-name>MacRinn</last-name>
        <email>lmacrinn2m@acquirethisname.com</email>
        <birth-date>11/04/1984</birth-date>
        <position>ATT</position>
        <town>
            <name>Los Angeles</name>
        </town>
        <team>
            <name>Ward</name>
        </team>
        <stat>
            <id>72</id>
        </stat>
    </player>
    <player>
        <first-name>C</first-name>
        <last-name>Diego</last-name>
        <email>cdiego2n@uiuc.edu</email>
        <birth-date>02/07/1997</birth-date>
        <position>ATT</position>
        <town>
            <name>Sofia</name>
        </town>
        <team>
            <name>Leannon</name>
        </team>
        <stat>
            <id>18</id>
        </stat>
    </player>
    <player>
        <first-name>Winnie</first-name>
        <last-name>D</last-name>
        <email>wdobson2o@paginegialle.it</email>
        <birth-date>07/08/1978</birth-date>
        <position>ATT</position>
        <town>
            <name>Cologne</name>
        </town>
        <team>
            <name>Aufderhar</name>
        </team>
        <stat>
            <id>40</id>
        </stat>
    </player>
    <player>
        <first-name>Lynett</first-name>
        <last-name>M</last-name>
        <email>lmattusov2p@mac.com</email>
        <birth-date>12/08/1979</birth-date>
        <position>ATT</position>
        <town>
            <name>Samara</name>
        </town>
        <team>
            <name>Cummerata</name>
        </team>
        <stat>
            <id>79</id>
        </stat>
    </player>
    <player>
        <first-name>Guthrie</first-name>
        <last-name>Duding</last-name>
        <email>gduding2q</email>
        <birth-date>11/05/2000</birth-date>
        <position>DEF</position>
        <town>
            <name>New York</name>
        </town>
        <team>
            <name>Nikolaus</name>
        </team>
        <stat>
            <id>6</id>
        </stat>
    </player>
    <player>
        <first-name>Josey</first-name>
        <last-name>Haskur</last-name>
        <email>jhaskur2r</email>
        <birth-date>01/08/2005</birth-date>
        <position>ATT</position>
        <town>
            <name>Birmingham</name>
        </town>
        <team>
            <name>Lesch</name>
        </team>
        <stat>
            <id>89</id>
        </stat>
    </player>
</players>