[
  {
    "email": "lrann0@t-online.de",
    "firstName": "Lorna",
    "lastName": "Rann",
    "phone": "462-463-0432",
    "statusType": "freelancer",
    "country": "21"
  },
  {
    "email": "ksterland1@hubpages.com",
    "firstName": "Krystal",
    "lastName": "Sterland",
    "phone": "201-115-5358",
    "statusType": "freelancer",
    "country": "17"
  },
  {
    "email": "gledeker2@amazon.com",
    "firstName": "Gerladina",
    "lastName": "Ledeker",
    "phone": "534-162-5734",
    "statusType": "employed",
    "country": "28"
  },
  {
    "email": "pburla@gmail.com",
    "firstName": "Burla",
    "lastName": "Desta",
    "phone": "  534-162-5734",
    "statusType": "employed",
    "country": "23"
  },
  {
    "email": "dhebard4@histats.com",
    "firstName": "Dulcy",
    "lastName": "Hebard",
    "phone": "654-577-5713",
    "statusType": "freelancer",
    "country": "29"
  },
  {
    "email": "evlgmi@stats.com",
    "firstName": "Don Fernando de Tomate ke Saragosa",
    "lastName": "Burn",
    "phone": "654-512-3713",
    "statusType": "freelancer",
    "country": "29"
  },
  {
    "email": "jbisley5@yandex.ru",
    "firstName": "Jedd",
    "lastName": "Bisley",
    "phone": "294-274-0482",
    "statusType": "unemployed",
    "country": "13"
  },
  {
    "email": "lglendenning6@tripadvisor.com",
    "firstName": "Lizbeth",
    "lastName": "Glendenning",
    "phone": "654-208-9686",
    "statusType": "freelancer",
    "country": "6"
  },
  {
    "email": "mmonteith7@upenn.edu",
    "firstName": "Megan",
    "lastName": "Monteith",
    "phone": "553-464-5011",
    "statusType": "employed",
    "country": "28"
  },
  {
    "email": "mburner8@artisteer.com",
    "firstName": "Mandel",
    "lastName": "Burner",
    "phone": "802-835-8210",
    "statusType": "unemployed",
    "country": "22"
  },
  {
    "email": "dmcnelly9@statcounter.com",
    "firstName": "Don",
    "lastName": "McNelly",
    "phone": "381-295-6186",
    "statusType": "employed",
    "country": "30"
  },
  {
    "email": "afilkina@amazon.com",
    "firstName": "Averill",
    "lastName": "Filkin",
    "phone": "440-470-2126",
    "statusType": "employed",
    "country": "17"
  },
  {
    "email": "jreederb@apple.com",
    "firstName": "Johannes",
    "lastName": "Reeder",
    "phone": "855-102-5136",
    "statusType": "unemployed",
    "country": "23"
  },
  {
    "email": "mlegerc@google.ca",
    "firstName": "Madelaine",
    "lastName": "Leger",
    "phone": "283-672-3702",
    "statusType": "employed",
    "country": "8"
  },
  {
    "email": "apenellid@so-net.ne.jp",
    "firstName": "Ashlie",
    "lastName": "Penelli",
    "phone": "881-142-4258",
    "statusType": "unemployed",
    "country": "37"
  },
  {
    "email": "ealrede@google.it",
    "firstName": "Erda",
    "lastName": "Alred",
    "phone": "328-462-7059",
    "statusType": "unemployed",
    "country": "22"
  },
  {
    "email": "dletchfordf@blogspot.com",
    "firstName": "Delcina",
    "lastName": "Letchford",
    "phone": "405-699-6016",
    "statusType": "unemployed",
    "country": "21"
  },
  {
    "email": "cstylesg@stanford.edu",
    "firstName": "Caldwell",
    "lastName": "Styles",
    "phone": "767-550-6136",
    "statusType": "employed",
    "country": "23"
  },
  {
    "email": "cmacsorleyh@lycos.com",
    "firstName": "Cleve",
    "lastName": "MacSorley",
    "phone": "674-370-2684",
    "statusType": "freelancer",
    "country": "28"
  },
  {
    "email": "cmacpikei@bigcartel.com",
    "firstName": "Christie",
    "lastName": "MacPike",
    "phone": "636-208-4855",
    "statusType": "unemployed",
    "country": "18"
  },
  {
    "email": "bkaiserj@salon.com",
    "firstName": "Brynn",
    "lastName": "Kaiser",
    "phone": "168-581-0231",
    "statusType": "unemployed",
    "country": "14"
  },
  {
    "email": "tdagostinok@dagondesign.com",
    "firstName": "Teddy",
    "lastName": "D'Agostino",
    "phone": "269-545-3066",
    "statusType": "employed",
    "country": "22"
  },
  {
    "email": "mredmanl@aol.com",
    "firstName": "Marsha",
    "lastName": "Redman",
    "phone": "435-882-4065",
    "statusType": "employed",
    "country": "10"
  },
  {
    "email": "aashwinm@noaa.gov",
    "firstName": "Alexei",
    "lastName": "Ashwin",
    "phone": "950-433-9171",
    "statusType": "freelancer",
    "country": "18"
  },
  {
    "email": "hmccanen@infoseek.co.jp",
    "firstName": "Hanan",
    "lastName": "McCane",
    "phone": "241-738-8061",
    "statusType": "unemployed",
    "country": "24"
  },
  {
    "email": "mmarzelleo@squarespace.com",
    "firstName": "Margalo",
    "lastName": "Marzelle",
    "phone": "202-980-7909",
    "statusType": "unemployed",
    "country": "18"
  },
  {
    "email": "egerretsp@1und1.de",
    "firstName": "Evvie",
    "lastName": "Gerrets",
    "phone": "994-770-7496",
    "statusType": "freelancer",
    "country": "37"
  },
  {
    "email": "fwhooleyq@macromedia.com",
    "firstName": "Flynn",
    "lastName": "Whooley",
    "phone": "443-108-4458",
    "statusType": "unemployed",
    "country": "11"
  },
  {
    "email": "pconewr@ft.com",
    "firstName": "Pinchas",
    "lastName": "Conew",
    "phone": "239-865-1955",
    "statusType": "unemployed",
    "country": "29"
  },
  {
    "email": "knansons@oakley.com",
    "firstName": "Kristoforo",
    "lastName": "Nanson",
    "phone": "277-730-2159",
    "statusType": "freelancer",
    "country": "18"
  },
  {
    "email": "gwillmentt@1und1.de",
    "firstName": "Giacobo",
    "lastName": "Willment",
    "phone": "905-109-2744",
    "statusType": "unemployed",
    "country": "24"
  },
  {
    "email": "dhewertsonu@google.com.br",
    "firstName": "Dene",
    "lastName": "Hewertson",
    "phone": "341-540-1468",
    "statusType": "freelancer",
    "country": "33"
  },
  {
    "email": "awickesv@histats.com",
    "firstName": "Alexina",
    "lastName": "Wickes",
    "phone": "699-303-0200",
    "statusType": "freelancer",
    "country": "41"
  },
  {
    "email": "pstutew@indiatimes.com",
    "firstName": "Paddie",
    "lastName": "Stute",
    "phone": "227-211-6126",
    "statusType": "unemployed",
    "country": "12"
  },
  {
    "email": "bcruzx@nps.gov",
    "firstName": "Batholomew",
    "lastName": "Cruz",
    "phone": "710-168-0555",
    "statusType": "unemployed",
    "country": "3"
  },
  {
    "email": "tmattimoey@cnbc.com",
    "firstName": "Tanhya",
    "lastName": "Mattimoe",
    "phone": "289-272-3471",
    "statusType": "employed",
    "country": "21"
  },
  {
    "email": "aantoinetz@php.net",
    "firstName": "Any",
    "lastName": "Antoinet",
    "phone": "291-616-6835",
    "statusType": "unemployed",
    "country": "40"
  },
  {
    "email": "tdupre10@dmoz.org",
    "firstName": "Thain",
    "lastName": "Dupre",
    "phone": "317-928-4866",
    "statusType": "freelancer",
    "country": "10"
  },
  {
    "email": "plovstrom11@youku.com",
    "firstName": "Philly",
    "lastName": "Lovstrom",
    "phone": "418-908-0179",
    "statusType": "freelancer",
    "country": "3"
  },
  {
    "email": "kpauler12@netvibes.com",
    "firstName": "Koenraad",
    "lastName": "Pauler",
    "phone": "640-579-0492",
    "statusType": "employed",
    "country": "31"
  },
  {
    "email": "apimerick13@google.co.uk",
    "firstName": "Althea",
    "lastName": "Pimerick",
    "phone": "154-230-7121",
    "statusType": "employed",
    "country": "17"
  },
  {
    "email": "dhause14@digg.com",
    "firstName": "Devin",
    "lastName": "Hause",
    "phone": "714-644-3264",
    "statusType": "unemployed",
    "country": "28"
  },
  {
    "email": "bwickey15@google.ru",
    "firstName": "Bria",
    "lastName": "Wickey",
    "phone": "468-563-0303",
    "statusType": "employed",
    "country": "30"
  },
  {
    "email": "itownrow16@mozilla.org",
    "firstName": "Idalina",
    "lastName": "Townrow",
    "phone": "984-634-7874",
    "statusType": "unemployed",
    "country": "37"
  },
  {
    "email": "blowdes17@list-manage.com",
    "firstName": "Brigit",
    "lastName": "Lowdes",
    "phone": "179-612-6019",
    "statusType": "employed",
    "country": "40"
  },
  {
    "email": "jbelchem18@blogger.com",
    "firstName": "Jephthah",
    "lastName": "Belchem",
    "phone": "538-391-0342",
    "statusType": "employed",
    "country": "14"
  },
  {
    "email": "rbeig19@whitehouse.gov",
    "firstName": "Roshelle",
    "lastName": "Beig",
    "phone": "616-212-9900",
    "statusType": "employed",
    "country": "28"
  },
  {
    "email": "lmyring1a@sourceforge.net",
    "firstName": "Lothaire",
    "lastName": "Myring",
    "phone": "586-703-0180",
    "statusType": "unemployed",
    "country": "22"
  },
  {
    "email": "oearengey1b@nature.com",
    "firstName": "Ozzie",
    "lastName": "Earengey",
    "phone": "188-646-3011",
    "statusType": "employed",
    "country": "6"
  },
  {
    "email": "fcaslake1c@elpais.com",
    "firstName": "Fiorenze",
    "lastName": "Caslake",
    "phone": "328-812-5012",
    "statusType": "freelancer",
    "country": "18"
  },
  {
    "email": "hgarr1d@ocn.ne.jp",
    "firstName": "Hatty",
    "lastName": "Garr",
    "phone": "189-425-6386",
    "statusType": "freelancer",
    "country": "11"
  },
  {
    "email": "htuther1e@toplist.cz",
    "firstName": "Hew",
    "lastName": "Tuther",
    "phone": "276-775-2292",
    "statusType": "freelancer",
    "country": "19"
  },
  {
    "email": "sbewsy1f@typepad.com",
    "firstName": "Sandor",
    "lastName": "Bewsy",
    "phone": "901-654-6584",
    "statusType": "employed",
    "country": "22"
  },
  {
    "email": "abudibent1g@kickstarter.com",
    "firstName": "Abbye",
    "lastName": "Budibent",
    "phone": "234-643-4640",
    "statusType": "employed",
    "country": "12"
  },
  {
    "email": "rlimon1h@sphinn.com",
    "firstName": "Roseline",
    "lastName": "Limon",
    "phone": "528-227-1972",
    "statusType": "freelancer",
    "country": "27"
  },
  {
    "email": "mbeamont1i@phpbb.com",
    "firstName": "Modesta",
    "lastName": "Beamont",
    "phone": "332-460-1580",
    "statusType": "freelancer",
    "country": "32"
  },
  {
    "email": "gmccrostie1j@auda.org.au",
    "firstName": "Gerianne",
    "lastName": "McCrostie",
    "phone": "321-866-5406",
    "statusType": "unemployed",
    "country": "14"
  },
  {
    "email": "zguidini1k@guardian.co.uk",
    "firstName": "Zuzana",
    "lastName": "Guidini",
    "phone": "981-847-6044",
    "statusType": "freelancer",
    "country": "17"
  },
  {
    "email": "acrossdale1l@wix.com",
    "firstName": "Allyn",
    "lastName": "Crossdale",
    "phone": "222-180-9369",
    "statusType": "unemployed",
    "country": "23"
  },
  {
    "email": "cjapp1m@springer.com",
    "firstName": "Coleen",
    "lastName": "Japp",
    "phone": "981-286-9681",
    "statusType": "freelancer",
    "country": "12"
  },
  {
    "email": "lpetren1n@opera.com",
    "firstName": "Leopold",
    "lastName": "Petren",
    "phone": "232-517-3969",
    "statusType": "employed",
    "country": "21"
  },
  {
    "email": "rgarlette1o@ezinearticles.com",
    "firstName": "Rozanna",
    "lastName": "Garlette",
    "phone": "266-799-6662",
    "statusType": "unemployed",
    "country": "39"
  },
  {
    "email": "dbennion1p@livejournal.com",
    "firstName": "Deanne",
    "lastName": "Bennion",
    "phone": "194-344-7071",
    "statusType": "freelancer",
    "country": "5"
  },
  {
    "email": "mpedri1q@dropbox.com",
    "firstName": "Marysa",
    "lastName": "Pedri",
    "phone": "146-868-1978",
    "statusType": "freelancer",
    "country": "21"
  },
  {
    "email": "spine1r@google.com.hk",
    "firstName": "Sharron",
    "lastName": "Pine",
    "phone": "749-729-3438",
    "statusType": "employed",
    "country": "23"
  },
  {
    "email": "lblunsom1s@seesaa.net",
    "firstName": "Leopoldl",
    "lastName": "Blunsom",
    "phone": "566-116-5035",
    "statusType": "unemployed",
    "country": "22"
  },
  {
    "email": "cmanicomb1t@flavors.me",
    "firstName": "Cary",
    "lastName": "Manicomb",
    "phone": "868-423-6927",
    "statusType": "employed",
    "country": "42"
  },
  {
    "email": "larmatidge1u@alexa.com",
    "firstName": "Laurens",
    "lastName": "Armatidge",
    "phone": "939-827-1500",
    "statusType": "unemployed",
    "country": "21"
  },
  {
    "email": "eselwin1v@webnode.com",
    "firstName": "Ebonee",
    "lastName": "Selwin",
    "phone": "481-949-4515",
    "statusType": "unemployed",
    "country": "18"
  },
  {
    "email": "emcsporon1w@skype.com",
    "firstName": "Engracia",
    "lastName": "McSporon",
    "phone": "875-563-4466",
    "statusType": "freelancer",
    "country": "28"
  },
  {
    "email": "mplaschke1x@slate.com",
    "firstName": "Margot",
    "lastName": "Plaschke",
    "phone": "692-803-5242",
    "statusType": "freelancer",
    "country": "12"
  },
  {
    "email": "cdurgan1y@patch.com",
    "firstName": "Cassandre",
    "lastName": "Durgan",
    "phone": "959-676-9475",
    "statusType": "employed",
    "country": "19"
  },
  {
    "email": "upinchin1z@china.com.cn",
    "firstName": "Ursula",
    "lastName": "Pinchin",
    "phone": "480-287-0022",
    "statusType": "unemployed",
    "country": "27"
  },
  {
    "email": "scoult20@thetimes.co.uk",
    "firstName": "Sallyanne",
    "lastName": "Coult",
    "phone": "728-129-7772",
    "statusType": "employed",
    "country": "5"
  },
  {
    "email": "mceccoli21@surveymonkey.com",
    "firstName": "Miguela",
    "lastName": "Ceccoli",
    "phone": "804-584-1454",
    "statusType": "unemployed",
    "country": "41"
  },
  {
    "email": "fspoerl22@w3.org",
    "firstName": "Flemming",
    "lastName": "Spoerl",
    "phone": "344-246-3902",
    "statusType": "employed",
    "country": "28"
  },
  {
    "email": "mlowdham23@chronoengine.com",
    "firstName": "Marchall",
    "lastName": "Lowdham",
    "phone": "456-295-1108",
    "statusType": "employed",
    "country": "12"
  },
  {
    "email": "cgraalman24@redcross.org",
    "firstName": "Cortney",
    "lastName": "Graalman",
    "phone": "287-791-8367",
    "statusType": "freelancer",
    "country": "22"
  },
  {
    "email": "mjessup25@cnbc.com",
    "firstName": "Moira",
    "lastName": "Jessup",
    "phone": "818-354-5009",
    "statusType": "freelancer",
    "country": "31"
  },
  {
    "email": "lmagenny26@diigo.com",
    "firstName": "Lonnie",
    "lastName": "Magenny",
    "phone": "315-508-0206",
    "statusType": "freelancer",
    "country": "8"
  },
  {
    "email": "cstorry27@hexun.com",
    "firstName": "Claretta",
    "lastName": "Storry",
    "phone": "313-585-9040",
    "statusType": "employed",
    "country": "16"
  },
  {
    "email": "xkunrad28@blogger.com",
    "firstName": "Ximenez",
    "lastName": "Kunrad",
    "phone": "993-896-0533",
    "statusType": "freelancer",
    "country": "17"
  },
  {
    "email": "odenson29@miitbeian.gov.cn",
    "firstName": "Ollie",
    "lastName": "Denson",
    "phone": "586-603-5316",
    "statusType": "employed",
    "country": "5"
  },
  {
    "email": "pgrouer2a@wordpress.com",
    "firstName": "Papagena",
    "lastName": "Grouer",
    "phone": "727-327-7170",
    "statusType": "employed",
    "country": "15"
  },
  {
    "email": "cminnette2b@over-blog.com",
    "firstName": "Caren",
    "lastName": "Minnette",
    "phone": "350-586-2250",
    "statusType": "freelancer",
    "country": "23"
  },
  {
    "email": "omcnelly2c@issuu.com",
    "firstName": "Onfroi",
    "lastName": "McNelly",
    "phone": "748-858-8647",
    "statusType": "freelancer",
    "country": "14"
  },
  {
    "email": "mchesterfield2d@businessweek.com",
    "firstName": "Mariel",
    "lastName": "Chesterfield",
    "phone": "315-773-8628",
    "statusType": "employed",
    "country": "15"
  },
  {
    "email": "opavlovsky2e@state.tx.us",
    "firstName": "Orsa",
    "lastName": "Pavlovsky",
    "phone": "522-315-2132",
    "statusType": "unemployed",
    "country": "31"
  },
  {
    "email": "mheintz2f@redcross.org",
    "firstName": "Mab",
    "lastName": "Heintz",
    "phone": "401-596-5307",
    "statusType": "unemployed",
    "country": "6"
  },
  {
    "email": "jcrystal2g@seesaa.net",
    "firstName": "Justis",
    "lastName": "Crystal",
    "phone": "530-312-5315",
    "statusType": "unemployed",
    "country": "18"
  },
  {
    "email": "mkrug2h@tumblr.com",
    "firstName": "Maritsa",
    "lastName": "Krug",
    "phone": "589-778-3142",
    "statusType": "employed",
    "country": "17"
  },
  {
    "email": "ostonman2i@umn.edu",
    "firstName": "Osbourne",
    "lastName": "Stonman",
    "phone": "970-762-5563",
    "statusType": "unemployed",
    "country": "43"
  },
  {
    "email": "cwharby2j@vk.com",
    "firstName": "Caritta",
    "lastName": "Wharby",
    "phone": "108-596-3715",
    "statusType": "unemployed",
    "country": "11"
  },
  {
    "email": "sgrindall2k@japanpost.jp",
    "firstName": "Sunny",
    "lastName": "Grindall",
    "phone": "770-242-8405",
    "statusType": "freelancer",
    "country": "6"
  },
  {
    "email": "aaiken2l@cnn.com",
    "firstName": "Alanson",
    "lastName": "Aiken",
    "phone": "499-641-5762",
    "statusType": "unemployed",
    "country": "28"
  },
  {
    "email": "rrostron2m@wufoo.com",
    "firstName": "Rubi",
    "lastName": "Rostron",
    "phone": "594-426-1997",
    "statusType": "freelancer",
    "country": "40"
  },
  {
    "email": "eyaxley2n@blogtalkradio.com",
    "firstName": "Esdras",
    "lastName": "Yaxley",
    "phone": "629-790-5234",
    "statusType": "employed",
    "country": "38"
  },
  {
    "email": "vclipston2o@lulu.com",
    "firstName": "Viva",
    "lastName": "Clipston",
    "phone": "639-744-9339",
    "statusType": "freelancer",
    "country": "14"
  },
  {
    "email": "nmurrhaupt2p@examiner.com",
    "firstName": "Nickie",
    "lastName": "Murrhaupt",
    "phone": "274-645-2678",
    "statusType": "unemployed",
    "country": "16"
  },
  {
    "email": "rfurminger2q@house.gov",
    "firstName": "Raphaela",
    "lastName": "Furminger",
    "phone": "638-171-8744",
    "statusType": "unemployed",
    "country": "37"
  },
  {
    "email": "psmallwood2r@prweb.com",
    "firstName": "Pia",
    "lastName": "Smallwood",
    "phone": "222-452-8521",
    "statusType": "unemployed",
    "country": "10"
  }
]